subreddit,total_items,avg_score,std_score,min_score,max_score,avg_words,std_words,min_words,max_words,type_distribution
AskDocs,100,279.01,255.52,80,1754,189.99,139.89,28,978,{'post': 100}
ChronicIllness,105,87.75,101.13,22,764,111.3,88.39,7,610,{'post': 105}
Health,20,792.15,345.4,448,1493,11.25,3.52,6,22,{'post': 20}
HealthIT,50,13.84,18.56,0,93,90.6,62.4,18,256,{'post': 50}
HealthcareIT,22,3.64,4.54,1,22,57.41,40.44,13,160,{'post': 22}
Insurance,97,68.63,161.55,3,1164,102.07,59.91,14,333,{'post': 97}
Medicaid,102,10.1,22.08,1,132,104.21,91.9,18,790,{'post': 102}
Medical_Billing,1,7.0,,7,7,90.0,,90,90,{'post': 1}
Medicare,100,13.11,12.4,2,74,67.85,42.3,10,209,{'post': 100}
MentalHealth,109,135.95,144.12,47,884,104.92,76.13,6,380,{'post': 109}
Obamacare,23,55.35,77.76,1,322,55.78,72.47,5,276,{'post': 23}
Pharmacy,101,144.38,195.52,22,1135,68.1,73.39,3,412,{'post': 101}
healthcare,35,13.23,21.08,2,93,99.54,83.61,24,393,{'post': 35}
healthinsurance,104,40.09,68.4,6,554,97.8,58.8,15,266,{'post': 104}
medical,97,24.25,38.31,5,314,91.82,98.43,14,805,{'post': 97}
medicalproviders,2,1.0,0.0,1,1,28.5,34.65,4,53,{'post': 2}
medicine,46,391.7,345.95,106,1492,79.93,55.24,22,312,{'post': 46}
